{
  "month": "2026-05",
  "cost_usd": 0.078682,
  "by_task": {
    "respond": 0.024984,
    "mail_review": 0.053698
  }
}