{
  "month": "2026-05",
  "cost_usd": 0.012888,
  "by_task": {
    "respond": 0.012888
  }
}