{
  "month": "2026-05",
  "cost_usd": 0.130291,
  "by_task": {
    "respond": 0.076593,
    "mail_review": 0.053698
  }
}