{
  "month": "2026-05",
  "cost_usd": 0.024984,
  "by_task": {
    "respond": 0.024984
  }
}