{
  "month": "2026-05",
  "cost_usd": 0.092497,
  "by_task": {
    "respond": 0.038799,
    "mail_review": 0.053698
  }
}