{
  "month": "2026-05",
  "cost_usd": 0.104182,
  "by_task": {
    "respond": 0.050484,
    "mail_review": 0.053698
  }
}